;2015;2016;2017;2018;2019;2020;2021;2022;2023;2024;2025
NL01482;24.0;-;-;-;-;-;-;-;-;-;-
NL01483;31.0;26.0 *;-;-;-;-;-;-;-;-;-
NL01485;19.0;19.0;20.0;22.0;19.0 *;17.0;18.0;18.0;16.0;16.0;17.0
NL01486;19.0;17.0 *;-;-;-;-;-;-;-;-;-
NL01487;23.0;23.0;23.0;24.0;21.0;22.0;20.0;18.0;17.0;17.0;19.0
NL01488;20.0;21.0;18.0;20.0;20.0;18.0;19.0;19.0;17.0;16.0;18.0
NL01489;19.0;18.0;21.0;22.0;20.0;21.0;20.0;19.0;17.0;16.0;18.0
NL01491;22.0;21.0;22.0;22.0;19.0;17.0;18.0;18.0;17.0;17.0;19.0
NL01493;22.0;21.0;21.0;24.0;22.0;20.0;20.0;19.0;18.0;16.0;18.0
NL01494;20.0;20.0;21.0 *;22.0;21.0;19.0;20.0;19.0;17.0;17.0;19.0
NL01495;18.0;16.0;20.0;21.0;21.0;16.0;18.0;19.0;15.0;15.0;16.0
NL01496;21.0;21.0;24.0;23.0;21.0;18.0;19.0;18.0;17.0;16.0;18.0
NL01497;-;-;-;-;-;-;-;21.0;15.0;14.0;16.0
NL01908;23.0;22.0;22.0;24.0;21.0;20.0;-;-;-;-;-
NL01912;-;-;-;-;21.0;19.0;19.0;17.0;16.0;15.0;17.0
NL01913;-;-;-;-;-;-;22.0;21.0;18.0;18.0;20.0
NL10131;19.0;19.0;19.0;21.0;18.0;18.0;17.0;19.0;16.0;15.0;17.0
NL10133;17.0;16.0;18.0;17.0;15.0;14.0;15.0;16.0;14.0;13.0;15.0
NL10136;21.0;19.0;19.0;20.0;18.0;17.0;17.0;19.0;16.0;14.0;16.0
NL10138;17.0;16.0;17.0;18.0;16.0;15.0;14.0;17.0;15.0;14.0;14.0
NL10230;20.0;19.0;20.0;21.0;19.0;18.0;17.0;18.0;16.0;15.0;17.0
NL10235;18.0;16.0;17.0;17.0;17.0;16.0;15.0;16.0;14.0;14.0;16.0
NL10236;18.0;18.0;19.0;20.0;19.0;16.0;17.0;18.0;16.0;15.0;16.0
NL10237;22.0;20.0;22.0;22.0;21.0;19.0;19.0;20.0;18.0;17.0;19.0
NL10240;21.0;21.0;22.0;21.0;20.0;18.0;18.0;19.0;18.0;16.0;19.0
NL10241;20.0;19.0;20.0;22.0;20.0;18.0;16.0;24.0 *;19.0;17.0;19.0
NL10243;18.0;13.0 *;-;-;-;-;-;-;-;-;-
NL10244;18.0;13.0 *;-;-;-;-;-;-;-;-;-
NL10246;18.0;17.0;18.0 *;18.0;17.0;15.0;15.0;17.0;14.0;13.0;16.0
NL10247;19.0;19.0;19.0;20.0;19.0;16.0;17.0;18.0;15.0;16.0;17.0
NL10248;-;-;-;-;-;-;-;8.1 *;14.0;13.0;16.0
NL10318;21.0;19.0;18.0;19.0;18.0;15.0;16.0;18.0;16.0;14.0;18.0
NL10404;20.0;19.0;20.0;20.0;19.0;19.0;18.0;20.0;19.0;17.0;19.0
NL10418;21.0;20.0;20.0;21.0;19.0;18.0;19.0;20.0;19.0;18.0;20.0
NL10433;22.0;20.0;22.0;24.0 *;-;-;-;-;-;-;-
NL10437;18.0;17.0;17.0;18.0;17.0;15.0;15.0;16.0;14.0;14.0;15.0
NL10442;18.0;17.0;18.0;18.0;17.0 *;16.0;16.0;17.0;16.0;15.0;17.0
NL10444;17.0;16.0;16.0;17.0;16.0;16.0;15.0;16.0;14.0;14.0;14.0
NL10445;23.0;22.0;23.0;23.0;22.0;20.0;19.0;21.0;20.0;18.0;19.0
NL10446;20.0;18.0;17.0 *;18.0;17.0;16.0;16.0;17.0;15.0;14.0 *;16.0
NL10447;26.0;-;-;-;-;-;-;-;-;-;-
NL10449;-;-;-;-;-;19.0;20.0;20.0;18.0;19.0;20.0
NL10450;-;-;-;-;-;-;-;23.0 *;20.0;19.0;21.0
NL10538;15.0;16.0;15.0;20.0;16.0;15.0;13.0;15.0;13.0;13.0;14.0
NL10545;21.0;21.0;25.0 *;-;-;-;-;-;-;-;-
NL10547;19.0;18.0;18.0;-;-;-;-;-;-;-;-
NL10549;17.0;16.0;17.0;-;-;-;-;-;-;-;-
NL10550;21.0;20.0;19.0;20.0;18.0;17.0;18.0;21.0;20.0;18.0;19.0
NL10617;-;15.0;16.0;17.0;16.0;14.0;14.0;14.0;13.0;13.0;14.0
NL10631;18.0;17.0;23.0 *;-;-;-;-;-;-;-;-
NL10633;19.0;17.0 *;17.0;18.0;16.0;14.0;14.0;15.0;13.0;13.0;15.0
NL10636;20.0;19.0;19.0;20.0;18.0;16.0;16.0;17.0;15.0;15.0;16.0
NL10639;19.0;19.0;20.0;22.0;19.0;17.0;17.0;17.0;16.0;16.0;17.0
NL10641;17.0;17.0;18.0;20.0;18.0;15.0;15.0;16.0;15.0;14.0;16.0
NL10644;17.0;15.0;15.0;17.0;15.0;14.0;14.0;15.0;14.0;14.0;14.0
NL10722;18.0;17.0;18.0;19.0;16.0;15.0;15.0;14.0;14.0;14.0;15.0
NL10738;18.0;18.0;19.0;20.0;18.0;17.0;17.0;18.0;16.0;14.0;17.0
NL10741;23.0;21.0;22.0;22.0;21.0;21.0;19.0;20.0;17.0;17.0;19.0
NL10807;16.0;16.0;18.0;18.0;16.0;15.0;15.0;16.0;14.0;14.0;14.0
NL10818;17.0;17.0;15.0;17.0;16.0;13.0;15.0;15.0;13.0;13.0;14.0
NL10918;19.0;17.0;13.0;16.0;14.0;13.0;13.0;14.0;12.0;11.0;13.0
NL10929;15.0;15.0;15.0;16.0;16.0;13.0;12.0;13.0;12.0;12.0;13.0
NL10934;15.0;15.0;16.0;18.0;17.0;14.0;14.0;16.0;14.0;13.0;14.0
NL10937;23.0;23.0;22.0;23.0;22.0;19.0;18.0;19.0;17.0;17.0;17.0
NL49007;21.0;23.0;22.0;22.0;21.0;17.0;18.0;19.0;18.0;17.0;20.0
NL49012;23.0;22.0;22.0;24.0;21.0;19.0;19.0;19.0;17.0;16.0;17.0
NL49014;17.0;17.0;17.0;19.0;18.0;16.0;15.0;17.0;15.0;16.0;18.0
NL49016;17.0;22.0;22.0;22.0;20.0;17.0;17.0;16.0;14.0;15.0;16.0
NL49017;21.0;21.0;20.0;21.0;19.0;17.0;18.0;18.0;16.0;14.0;16.0
NL49020;20.0;23.0;23.0;23.0;20.0;18.0;19.0;19.0;18.0;15.0;18.0
NL49546;20.0;19.0;22.0;22.0;21.0;18.0;18.0;20.0;15.0;16.0;20.0
NL49551;19.0;20.0;21.0;24.0;21.0;19.0;18.0;19.0;17.0;16.0;18.0
NL49553;23.0;21.0;24.0;26.0;25.0;22.0;21.0;23.0;22.0;19.0;21.0
NL49556;15.0;15.0;14.0;17.0;15.0;13.0;13.0;13.0;12.0;12.0;12.0
NL49557;-;-;-;-;-;-;21.0;23.0;19.0;19.0;20.0
NL49561;19.0;19.0;19.0;21.0;19.0;17.0;16.0;17.0;16.0;15.0;17.0
NL49564;14.0;15.0;18.0;20.0;18.0;16.0;15.0;14.0;13.0;15.0;16.0
NL49565;17.0;19.0;18.0;20.0;17.0;15.0;15.0;14.0;13.0;12.0;15.0
NL49570;17.0;17.0;20.0;21.0;20.0;18.0;17.0;18.0;18.0;18.0;18.0
NL49572;18.0;19.0;20.0;20.0;17.0;17.0;15.0;16.0;16.0;15.0;16.0
NL49573;27.0;28.0;28.0;32.0;28.0;25.0;23.0;25.0;22.0;21.0;24.0
NL49680;-;-;-;-;-;-;-;-;-;14.0 *;15.0
NL49701;20.0;22.0;20.0;20.0;18.0;16.0;16.0;16.0;14.0;15.0;15.0
NL49703;17.0;17.0;16.0;17.0;16.0;15.0;15.0;16.0;13.0;15.0;17.0
NL49704;17.0;21.0;17.0;20.0;18.0;16.0;16.0;17.0;13.0;14.0;15.0
NL50003;20.0;17.0;17.0 *;22.0;17.0;-;-;-;-;-;-
NL50004;21.0;20.0;20.0;23.0;19.0;-;-;-;-;-;-
NL50006;20.0;17.0;17.0;22.0;18.0;-;-;-;-;-;-
NL53001;21.0;21.0;20.0;21.0;19.0;19.0;17.0;18.0;13.0;13.0;-
NL53004;21.0;21.0;19.0;20.0;18.0;18.0;17.0;18.0;16.0;13.0;-
NL53015;20.0;18.0;20.0;21.0;17.0;16.0;15.0;17.0;13.0;13.0;-
NL53016;22.0;20.0;20.0;22.0;18.0;19.0;18.0;21.0;16.0;17.0;-
NL53020;-;21.0 *;17.0;20.0;17.0;17.0;15.0;16.0;12.0;14.0;-
NL54004;-;21.0;22.0;23.0;21.0;18.0;18.0;19.0;16.0;16.0;-
NL54010;-;-;23.0;22.0;19.0;17.0;20.0;21.0;17.0;14.0;-

Alle meetpunten
Definitieve data (gevalideerd)
*=  Minder dan 90% van de gekozen periode beschikbaar (uur/dag)
Wijzigingen van eerder gerapporteerde data zie https://www.luchtmeetnet.nl/informatie/download-data/rapportage-correcties. <br/> Meer informatie over o.a. afronding zie  https://www.luchtmeetnet.nl/informatie/download-data/download-statistieken
microgram/m3
Export d.d.:                 03-06-2026
